{
  "intercept": 0.22218770203838625,
  "shot_dist": -0.07093311468777605,
  "def_dist": 0.12033445726598803,
  "is3": 0.1709623479917217
}